{
  "emps": [
    {
      "empno": 10,
      "ename": "Pratik",
      "job": "developer",
      "sal": 20000,
      "deptno": 1
    },
    {
      "empno": 20,
      "ename": "Sappy",
      "job": "HR",
      "sal": 50000,
      "deptno": 2
    },
    {
      "empno": 30,
      "ename": "Marky",
      "job": "Web developer",
      "sal": 60000,
      "deptno": 3
    },
    {
      "empno": "50",
      "ename": "Vishnu",
      "job": "Hr",
      "sal": "12",
      "deptno": "20"
    },
    {
      "empno": "15",
      "ename": "Sainath",
      "job": "Teachear",
      "sal": "50000",
      "deptno": "50"
    },
    {
      "empno": "18",
      "ename": "Hariram",
      "job": "Banker",
      "sal": "250000",
      "deptno": "15"
    }
  ]
}